seed,profile,cycles,sf_len,power_normalized,power_raw,delay_normalized,delay_ms,pdr,reward,delay_ms_median,delay_ms_p95,pdr_p05,sf_terminal_mode,sf_terminal_median,sf_start,sf_end
43,balanced,250,30.404,0.1239437082030975,645.6071111111112,0.025470850229309144,473.9079173684417,0.9815085326636465,2.236531645287333,375.20502645502654,525.6907763532763,0.8888888888888888,29,29.0,29,32
43,delay,250,10.0,0.15793338711748453,865.708888888889,0.01118022418424166,216.10491776958452,0.9893509477183806,2.0739318319402997,126.01116990005879,208.45679012345678,0.9836070060207992,10,10.0,10,10
43,energy,250,67.996,0.11485929516150827,586.6715555555556,0.051487832546458556,952.2140245248813,0.990694290438687,2.0018751950137905,864.2750870528648,969.1416129457316,0.9777995702325205,68,68.0,68,68
43,reliability,250,10.0,0.15758821015074317,863.692,0.014164108308359144,324.40291973152944,0.9867696211068168,2.770096067216715,116.79408040519152,220.6524216524216,0.8888888888888888,10,10.0,10,10
44,balanced,250,30.276,0.12327772476589975,643.0151111111111,0.02358494522955294,449.4575570834125,0.9768065192238858,2.235086334729247,362.8418803418803,700.1627938854729,0.8668234767025089,29,29.0,32,29
44,delay,250,10.0,0.15879924303179507,869.3186666666668,0.009488745354742069,185.97369345536973,0.9950085786088009,2.0759858931517035,145.75244200244202,222.26359494415038,0.9958847736625512,10,10.0,10,10
44,energy,250,67.996,0.11444836420722132,584.7346666666667,0.049709306208494196,925.7327846351552,0.9875716276298899,2.0020388354452434,875.1654959557259,991.9158832688526,0.8888888888888888,68,68.0,68,68
44,reliability,250,10.0,0.15757909827315542,863.556,0.010558935918827238,194.929921468323,0.9860988238901518,2.7700261412903338,133.18658707547596,253.4079127488912,0.9224867724867726,10,10.0,10,10
45,balanced,250,30.336,0.12398488457751554,645.7977777777777,0.02313703331096096,434.1945555998508,0.9839909302829308,2.2378807191858128,361.7418486862931,485.4362903225806,0.8888888888888888,29,29.0,28,29
45,delay,250,10.0,0.15784312192388147,865.0835555555554,0.006665570362377099,143.67293911786453,0.9888748383303939,2.0775315209951457,139.2504409171076,200.797986478542,0.9877204585537919,10,10.0,10,10
45,energy,250,68.0,0.1145927481548825,585.2475555555557,0.046810664342250584,879.8524888387187,0.9887261448640758,2.0023420014942377,870.7478106185004,1011.0657498631634,0.9317460317460319,68,68.0,68,68
45,reliability,250,10.0,0.15751482715243423,862.9035555555556,0.013368405000253826,256.96656080060944,0.986502473828125,2.7704106136423388,143.02231718898386,292.0398916926694,0.9685788442184439,10,10.0,10,10
46,balanced,250,30.364,0.12400064186883474,646.4346666666668,0.021186999409566875,410.97551317832864,0.9866381258933823,2.239080267371616,365.3887419165197,460.8580931095298,0.9196275946275945,29,29.0,29,32
46,delay,250,10.0,0.15805813413304795,866.1586666666667,0.00986788234133979,186.90322548797022,0.9900988760669275,2.0750615344145253,138.78086419753086,245.33199950255477,0.9917695473251028,10,10.0,10,10
46,energy,250,68.0,0.11402109136577702,583.0155555555555,0.047376286868915866,888.2885554555644,0.9847577622177426,2.002236476029394,871.3333785556008,997.8565040926152,0.8888888888888888,68,68.0,68,68
46,reliability,250,10.0,0.1577897803583814,864.3048888888889,0.008431276271829973,164.97737923722372,0.9886391896169673,2.772839446931718,125.96391263057929,204.4347781847781,0.9876543209876544,10,10.0,10,10
47,balanced,250,30.352,0.12394180073200488,645.8017777777777,0.020635761524778584,400.71961732852077,0.9802711766011416,2.237547477865278,369.1627097182653,488.5593488649939,0.8550662878787878,29,29.0,29,29
47,delay,250,10.0,0.15857033860144396,868.1022222222223,0.010057062640184295,195.49557672740244,0.9924981369985202,2.0751665658359038,126.69849183738071,227.33912178356604,0.9879335684891241,10,10.0,10,10
47,energy,250,68.0,0.11468257205651489,584.9604444444445,0.04834255784519624,913.3531572573577,0.9881412759228849,2.002197959737141,873.3987925654592,1078.3903451628544,0.9882799671592775,68,68.0,68,68
47,reliability,250,10.0,0.15841703861852433,867.7773333333333,0.010010154628272329,194.78917655941984,0.992060819583425,2.77521597989779,136.76011702355788,232.64827250938347,0.9895061728395061,10,10.0,10,10
48,balanced,250,30.408,0.12477213312401879,648.9417777777777,0.021353616887265114,403.28479505933643,0.9902268166718213,2.240520281885244,362.06530095418987,506.7408602150535,0.9132744495647721,29,29.0,32,32
48,delay,250,10.0,0.15784469511827912,864.84,0.022529547908547207,397.02304426193973,0.988861525931097,2.064888758548594,161.28159905937684,376.13547460769666,0.9706964969896004,10,10.0,10,10
48,energy,250,68.0,0.11466376776287357,585.6648888888889,0.04679254138308946,880.545789281713,0.9893427478748273,2.002353609582402,878.1305114638449,997.7366255144033,0.9917695473251028,68,68.0,68,68
48,reliability,250,10.0,0.1575993720565149,863.9671111111112,0.012260641682633085,226.11822821592563,0.987151512684846,2.770325937053377,155.53497942386832,247.6239711934154,0.8888888888888888,10,10.0,10,10
49,balanced,250,30.26,0.12342283145903132,643.3955555555555,0.025212748999358447,471.5822423356342,0.9755041315910111,2.2346308614607207,359.58406819517927,739.1211962010012,0.8499878988333686,29,29.0,28,32
49,delay,250,10.0,0.15877664528903032,868.6266666666668,0.017061703608669446,312.51977075276244,0.9937535658625605,2.0697777370276107,134.79938271604937,287.5062802423903,0.9896774521774522,10,10.0,10,10
49,energy,250,68.0,0.11474106373626368,586.6404444444445,0.048859978232686334,913.2510834613562,0.9907218066451783,2.002143098448373,869.2331570444597,973.4894914756024,0.9917695473251028,68,68.0,68,68
49,reliability,250,10.0,0.1588013538461538,868.992,0.008111778167802144,162.76325537904282,0.9940673359562249,2.7779100049176617,133.9295324017546,241.9099118165783,0.9917695473251028,10,10.0,10,10
50,balanced,250,30.372,0.12409850535940038,646.3035555555556,0.027757832313346248,569.619665802248,0.9823676043113145,2.2361760410106255,366.66361416361417,707.2743995574455,0.8856563620071685,29,29.0,29,32
50,delay,250,10.0,0.15833107665043883,866.6848888888888,0.011281253099217988,203.91453929926368,0.9912991290843237,2.0741528060619427,133.2846628679962,222.82518201962645,0.9917695473251028,10,10.0,10,10
50,energy,250,68.0,0.11329616332374792,580.4426666666666,0.0474211501650818,885.791453367592,0.9801894803259746,2.002205653075718,874.5164609053497,1020.3400205761316,0.8888888888888888,68,68.0,68,68
50,reliability,250,10.0,0.1581357632459713,866.38,0.007860228080145743,157.83184072442097,0.9913521853660743,2.7753212454117455,138.8667299778411,200.42910279021376,0.9876543209876544,10,10.0,10,10
